PC1,PC2,PC3,PC4,PC5,target
9.132141399639874,2.043092013668448,-1.512099333501508,-3.702988170129214,0.8868311065271205,0
2.37344012290129,-3.743229115020708,-0.412615841528131,-1.1041523441683108,-0.7325622010781165,0
5.706454974136809,-1.0588240094770465,-0.691086280264394,-0.814351964906229,0.07706766515032012,0
7.08971872937188,10.151167343899077,-4.109814707921471,-0.18235903251672486,2.689405187762382,0
3.8904733911132725,-1.885400226904683,1.3741442908097892,-2.8418035115264737,-0.593129857362266,0
2.372014842540334,3.8748590946352395,-3.2336321909933785,-0.9568790946272745,0.887857135844254,0
2.239134317694308,-2.708158137540846,-1.5892403939043844,-0.13674373672926898,-0.14281100786171624,0
2.104029337531206,2.325431225500669,-1.1467798126628597,0.221139896380499,1.3407812853685925,0
3.1708010493968026,3.2999680449191877,-3.4391422328079115,0.6198268676235998,1.3941486781801502,0
-0.8222626912810732,-2.6770397933240133,-0.425829691837048,1.7061773251696768,-0.28287958123594686,0
2.6442848427275285,0.04846507381309351,-1.6650405670186388,-0.05491799140077909,-0.4526569393879193,0
8.028595893608713,2.8783981829568273,5.237996399249373,1.3678178286286398,-0.7728973208210698,0
0.3121726484168026,-0.972088324260244,1.6401996549860631,0.7254122647312586,-0.37587672337399664,0
4.329813574766185,4.775240671031297,-3.155821450465909,1.5843653908308546,-1.3715145050600066,0
4.0618744347433635,2.874680140820245,-3.479572219613411,2.5371752727477648,0.27403374322937574,0
0.21385942326592575,-1.5833416601800212,-0.8249077310908333,0.6878488323124663,0.4681732870881776,0
4.40040531443095,1.3793565082276775,-2.5244767813975844,0.24808825229924622,1.277416041392974,0
4.930059440472578,-4.083792041691337,-0.32147220998560216,0.20354620354066755,-0.023822288205058356,0
-1.2461412166242283,-0.2171752462514071,-0.606119521668188,-1.6285106927815924,0.39244149520137145,1
-1.5770545979644537,0.5345516756040998,-1.7930333180780702,-1.1949708204302154,0.3050939491335563,1
-3.5907939290719018,1.6642749831679713,0.4040441333251281,-2.0831272125707425,0.4711856530755588,1
4.208202306807757,-5.118667507124947,-0.6898822225229344,0.939520198226062,0.39634725381594593,0
4.92087750927269,-1.5483271357681652,-1.8883914649451048,0.004757374163297948,1.5624806100315485,0
7.012992888149805,2.082260485447375,-0.4138185607227653,-2.539757030931051,1.840793258552143,0
3.5216746964797947,2.089958500952611,-4.129055153384036,1.3033066956607708,-0.10053572489753038,0
3.014996887775776,-1.8029776954091281,2.4586028812984497,0.006689129014640149,0.19059400134391913,0
4.011978814099646,0.4594066450483647,-2.986135094166993,1.9661533752737534,0.4131657998778256,0
1.689539099766863,-1.4804750827768496,0.16853843833010926,-1.8935934919379427,-0.6012574100808724,0
2.866087116131847,3.9379132824390184,-3.3830380498145325,0.2640726653533914,0.6384641379570756,0
4.534552835759219,0.3059528159116431,-0.9999324145177991,0.7757179973750622,1.5083292124434382,0
4.998195678174239,-1.172672998869242,-2.6919697931950175,1.2843077784687542,-0.8521789532563584,0
1.2820205706042347,0.8503884849861247,-1.7268765497062408,1.0731411584260753,-0.4586003317865937,0
-1.0856066039686525,-3.166362444807317,4.298116348562342,0.7273647745486462,0.5938672583129488,0
0.7694418468286834,0.8207542059211669,-2.7606215810305788,0.339833307094858,-0.9148843917265054,0
-2.1539268553620725,-1.959597741145295,-1.0896585769364298,1.0949179290968358,-0.4782897509908494,0
9.009560012438497,2.0709378641827256,1.6186066946800926,1.201168790407292,-0.7922136842340216,0
5.3697501125794105,-0.1546219653821037,-1.8319543995444718,-1.4890439163023825,-0.2906428145605898,0
-4.601377462837901,1.4434101547241112,-0.028628187093394413,-0.3608325248639933,0.6929164224335891,1
1.6944056403874004,2.2657461593922785,-3.3050691369195166,0.05640136553668118,0.9116919985504932,0
-2.1410823593310173,0.06278967215888666,-1.4634681342864364,-1.1770827391984726,-0.0030183115973183624,1
-3.470798897511199,-0.5212102348846728,-0.10990594171704161,-0.6105741808180267,-0.00032782591721981227,1
-2.87439729287975,0.12787178092563722,0.32940376818912737,-0.5402219433918382,1.4733022819516757,1
4.628313700735569,-2.2978621742503393,-0.837475378862642,-0.610831938889505,1.0516321442379852,0
2.164058802441378,0.9410560188053906,-2.107321409917136,0.7703324830957528,0.3073458545037319,0
-4.159352400944661,2.338618359196662,-1.325601629312324,-2.1461576145218095,1.0521391090185945,1
-2.602432099153166,3.101726840917283,1.0780449318988023,0.8070184005590113,2.8812678581793594,1
-2.3792372067515593,3.3166911444051315,2.532907378758481,-0.6653434444708796,0.46684367611338173,1
1.8103161069565088,0.662996389078981,-1.6452526038655446,1.2880074869752665,1.399591545429842,0
-3.5334519453313145,-0.6773992143914972,0.6119788721133158,0.028303559598502098,0.00014454518531855647,1
4.145531031077192,9.09382652905819,0.9322513768786405,-0.09948252685823442,-4.402529471137503,1
-3.2624067557652032,-0.9552204044655725,0.2621278840779794,-1.1077891247254732,0.46089251220743005,1
2.6801457161275093,-4.370449518179267,0.40332236293026746,-0.4060414899522467,-0.44148027196589945,0
-0.4546297241272718,7.345711229962244,3.494302639614217,-1.8530078705255493,-2.6192126504316673,1
5.497223364465157,0.9065201642591024,-2.43996899967414,1.6422895573964285,-1.062260473357786,0
-2.6407683484437077,-0.7059925981961056,-0.509291448481838,-0.37063238893493494,-0.4793851476240869,1
1.386318175126797,-1.933151957538829,1.0476087609040465,-0.6507601541882433,0.5246366345404372,0
-0.8509333116230483,1.9496183260512032,0.6287726912817331,-3.479383746611266,2.2813803142418636,1
6.167482383949033,0.9906122302351413,-0.1719283526708127,-2.4649640159148785,-0.24801595625996384,0
11.609089800169235,4.7764248697424145,1.186158677592197,-0.24342839373440367,3.338539699200176,0
-2.028378255121184,-0.279262540418592,-0.6400365145759909,-0.07129286549741813,0.048308023192283826,1
-1.6625150093199204,1.6748654055700705,0.22555907098200892,1.5783706885019717,1.8458599600206487,1
5.000106745602184,0.8235224062631852,2.4418460725073747,1.9013159780819286,0.4896289387150288,0
-2.1849634714169843,0.45037061362924335,-1.0124732518783977,-0.30522728041675956,0.8542014787876886,1
3.254619540543255,-1.6449897143450307,0.0105088212922136,-0.4576952233770057,1.2979145984061284,0
0.570279960894396,0.16638221048485954,1.4616379604210648,1.1702344216080558,0.682604983848789,0
3.5724632712985693,-2.2400950377103617,-1.7473363702296874,0.8186848073633305,-0.4851027733344701,0
-0.9639824858777807,0.8991550370115675,-0.16282941352017788,1.4039082527026079,-0.03700798604761611,1
1.221443540544236,1.0290982484516094,-0.18222309925081817,-2.0308389220499157,-0.18744241440061635,1
-1.5983084289419682,-1.6221525178181677,0.34241252471755196,1.1476642435947757,-0.03617006545656195,1
0.23750091850942456,-0.5514738470146302,0.553382214016607,0.2447688137507793,-0.3876312726684933,0
-1.9674993757751222,-0.9818242966532025,-0.06969529928215147,0.09338780254037701,0.5888669134551725,1
4.370412351885862,-2.099444153857556,0.4423736004533004,0.8027458175673593,0.27382907812616825,0
-2.6237458728463667,0.24360423233787254,1.0132433277385116,-0.6373908979007181,0.5835971302509925,1
-3.9287294528811025,1.189693960461158,1.4566888183143973,1.0051100829871213,0.7920171459623931,1
-2.829085699073878,0.34552205003569375,-1.2956932248630633,-1.8144230506719135,-0.3894069711177472,1
0.598520038338528,0.6138949048819609,-0.3133731118503618,1.1702406363191995,-0.06341013728324778,0
-0.45354823535731836,-1.409677779218387,-0.1104728477311166,2.039665398450428,0.07248385292143175,0
-4.571079023166686,3.489283784419548,-0.4234641727050277,-1.20164301853485,2.687509511589732,1
-3.4573167160891223,-1.4501431707395676,-0.03240212209781716,1.6904142598262244,0.17056478082161355,1
-2.1369907631411964,1.7932555933152692,-0.6798254961681945,0.5122350775666751,0.4953440908990135,1
-2.7255398833376536,1.418261200350391,0.8213058453807843,-0.026269225521693893,1.2868415158412951,1
-0.7708757556144635,1.747338543131305,-0.7411234945705374,0.6281944641735304,0.9742949639227153,1
-3.1568384555321156,-1.0819213378094228,-1.3812309759136474,0.5461347152052142,-0.535033978508869,1
12.979613248695195,1.0859566295698195,0.15319600243323403,-1.3326605530292677,0.508581815360773,0
-2.523105502303813,2.586694753397142,1.447356189218316,-0.5801987937683393,1.1792622444412202,1
-0.15491186099672596,2.2842427057741292,1.9317399383263765,0.5547609112068438,-0.4753463531470661,1
3.4783434792196504,3.950401717479094,1.8966432796039931,0.4571204126232778,-5.254222427672681,1
-1.402438415661647,3.5481384042076223,1.5050126582107097,0.181968811665531,0.4538107066668325,1
-2.53993575870424,3.178042803833797,-1.8127881265648067,-1.1612818057769385,0.3754470751521787,1
-2.064774979265108,0.2652615877801003,-0.5662591265042238,0.5587618276339089,0.05170190258194852,1
-2.1767406338995086,3.6917112020764926,3.49178698481617,-1.271229285156671,-2.0482028726081616,1
3.102869141952262,1.5113725507789204,-2.8224580961492363,-0.6112750986431145,1.0393228848627192,0
4.922687813895798,2.3325733033371536,-2.2238811232948335,0.7400490547624959,0.03924110966516808,0
0.8428275284544754,-2.3223206429257077,0.41751645718677644,-0.1261763116633344,2.033568247227307,0
3.2962013893818685,-1.285942038699215,0.6078360779917716,-0.9604246551231321,0.9013958634056972,0
12.795501569128632,2.4726674798586767,5.631607401196312,-1.7204097447964226,3.2876013066001715,0
-0.7801717100653355,-0.06504829863325295,-1.08586340532725,-2.5884193439981513,-0.08253624344660122,1
-0.6385831028914569,-0.9986962879258096,-2.1767931786639765,2.1605660352642957,0.3866706268054523,0
1.8847100774398355,-3.4718367220526463,1.2949502096998344,-0.33729853317276504,-0.5825948703523112,0
1.3829088108870762,1.3216141155045822,0.5326121894750758,-1.7736250565216078,0.053994065773338866,1
4.6393418909388355,-1.4994528865304382,-1.2371658925601308,1.2854865241952995,-0.2161446617409159,0
1.4230853850324519,-1.0679205639728537,-1.2930553728982994,-0.49531031888932825,0.5518152080646437,0
-0.7096546540110055,-1.5657338755872439,-0.5682218885303106,-1.7254728943344042,-0.3865559386660697,1
2.159755366790958,-2.835095412657442,-0.5691034024522617,0.6958718192255995,0.4320796281359025,0
-1.9905283750776297,-0.4758133960616204,-0.4225546226366171,1.7947536822608765,0.35409238880810656,0
-3.2607790708422013,-0.4365058074952805,-0.6129653127826745,-0.7067525846853929,-0.12320498094957458,1
3.6950892644304454,0.978509766470488,3.2563432252855957,-1.9487312390091431,2.1904369281113136,0
-5.028075075875966,0.5516070701933811,-0.8057037570300059,-2.3499332804705704,0.7461777743956566,1
1.3088666815125618,-1.230782398314454,0.48840554188339036,-0.5520702196283352,0.42958911134129213,0
-2.467009842435908,0.886282458227144,0.25526560632621415,0.37145240697608384,1.166317417774047,1
-1.8382010378954765,-0.12705108746847238,-1.442203445812671,-0.7697877324775744,0.04338052118929706,1
-4.361561684197727,-0.8754849590953449,0.7526674749996265,-0.4785830657971622,-0.9159445878612997,1
-0.7843768856588018,3.67523067049031,0.4471194566076211,-2.1755174986388917,0.26378151179315135,1
2.3695402624767246,4.770397264547575,-1.5275001560600068,-0.49183661241490906,2.293565618153037,0
0.33289550631212406,1.1074279527933601,2.117622012370329,0.5152121176174883,-1.5698749291932508,1
-0.41966381085624704,-0.40710182498653935,-0.9891677864326412,-1.3494506880750021,-0.8970808520041558,1
-3.0536846110728484,-2.22997924680586,-0.2692601381434583,-0.21449874378364697,-1.5868634568933226,1
-1.4668432449391993,0.29421963644003724,0.38112692867132086,-0.3927133510899263,2.688275832140995,1
0.006273819852299989,7.060268952184568,-0.5152649324140214,1.8817631091856601,-0.6995345618025113,1
6.717982933451904,12.520396022356655,6.582475460540359,-0.7095910395108942,-6.781078282442583,1
-2.4356881825238754,-0.02683456550594409,-0.8013666055018382,0.01656743906851496,0.03837185715027569,1
-0.7745725384091664,-3.006061658321035,1.5516445721733858,0.9274275792081262,-0.7820994983206818,1
-3.657300737800642,-0.6909276638962504,-0.7870232915997976,-1.5873161182616888,-0.3490490316298766,1
-4.693927327317729,-1.0986082446572452,-0.13046605523973917,-1.3620452572582693,-0.4807236193207195,1
-0.639852241121005,1.7802756094698897,1.2115456592999776,0.20752995112710082,1.6381431869893393,1
3.324584763759385,-2.7834233708698357,2.965166257315005,-2.6979878618598043,-0.5358847026205165,0
6.1364576497398815,-1.9917955513364878,-1.645408099381491,-0.9757338663854703,0.18854198565282573,0
-1.3492819197822734,1.436849732196602,0.7125347055230878,1.2819324728267456,0.131556101387009,1
-2.9884263150297654,-2.754020818860241,-0.00033106831896665046,0.377100039122957,-0.3776190947344424,1
1.182076727973815,-1.9967267800403647,0.9595647504127611,-0.2029630469703104,-0.07636766889206084,0
5.007208938674607,-1.6845680326644548,1.0564321427364918,0.9130763991866843,-0.6641554109170702,0
-1.972707422682269,-1.842315391704863,-0.16995194418664902,-0.5697023931797038,0.2158306968301584,1
-2.526746777324142,0.0908413999346943,-0.47936610528771645,-2.4116440293517276,0.6326490518430857,1
-0.9693515508645543,-1.6975618243960509,-0.35149642227847167,0.5945547900526067,0.32701125360451494,0
2.8083165744001306,1.2521293262631794,-2.235585245936009,-2.7350222565731093,-0.10716499501255354,0
-3.502367609225166,1.6323015985198963,2.5690065492700813,-1.193162819055287,0.6979298110979723,1
-4.655924268742586,-0.18964759233851766,1.5067912070820233,-0.6868260172355647,1.9039265831536147,1
-5.362752457081894,1.0136520752752962,0.3094862877722,-1.4744592536222965,0.8375887749558589,1
1.0278795553640956,6.986711033025601,3.834263392405426,0.5979436080112185,-2.6205316603602293,1
2.9448361397827343,0.6728428546960753,-1.1403380445425555,0.6217632852067386,-1.399187926937112,0
-4.9747597116130535,-3.380678355780468,0.6672762177700113,1.5357621794180485,-0.9836239539772844,1
-4.079797593057413,-1.224597760547437,0.7321834332783711,-1.724605366572809,-0.6275064733636876,1
0.7630355928438799,-1.6526698134819273,-1.538046224927697,1.0876417111539538,0.009166427163770563,0
-2.7061458923012274,0.5703135232533332,1.7683349497118206,-1.095983258830856,-2.2243987241669925,1
-0.38229609689136673,-1.0508563659818397,-2.5302591610345235,0.7844191766090578,-0.8531856936428133,0
0.3865475506602586,-3.6183981338656186,-2.033421622520344,-0.26910369321021216,-0.8780538809708696,0
-2.8487798974731438,-0.4194414513538534,-0.3034962491330156,-0.7955308783769234,0.02819176356307276,1
-3.305711070019212,0.1165676094327194,0.44103689818750397,0.4248014386947187,1.860140902605762,1
-3.3622418560764444,-1.0985808798788002,0.26168790278915793,-0.8880997052346025,-0.7379281213164302,1
-1.7875483833480725,-0.45315373688437754,3.2082622057969905,0.16363840777645697,0.012662776578745549,1
-5.570009595180406,-0.3201033005673503,4.0799639342267495,2.0918803133884545,1.3189300672941269,1
1.7506729157998933,2.704992628651846,-1.2854164163459576,3.2220441969153795,0.7047021948089834,0
2.5962259862531805,1.5375329099810544,-0.37369330552334246,0.6608394940548704,-1.077303052274626,0
-2.832111953173015,-0.9885324172494251,-0.3037766032322964,-0.5396120942671194,-0.5670015215443236,1
2.4556929799493497,2.2607148535195782,0.9283496734988744,1.3616537022433846,1.9754409037664673,0
3.483409867875888,-2.2933696731369886,-1.2590075620893555,1.176226069136397,-1.0781717132239441,0
1.2662828889698199,0.2771855827164565,-3.9422640048616424,0.6307179419134177,0.4771250472019053,0
-1.4943595374339989,0.0946212154655572,-0.28793623388290296,0.5236333316101968,0.7153522316591131,1
1.6547940729171438,-2.116976677253797,-0.9249044694911247,-0.1366227160988064,-0.9612077803099316,0
9.008976109414007,-0.6644220073024729,0.015962767263667608,0.9943471299812504,-0.5027344124767458,0
4.533526957547503,2.981053764965079,-2.7566959291927033,2.275384549445762,3.396607381572634,0
-0.22037533840695625,-0.7470261639975478,-2.2308435069381622,-1.0527099925600143,-0.7971378389405256,0
-3.4627949003816765,1.2659957167235099,-0.14458769909445476,-0.3667395920413714,1.8593180964960891,1
0.4192752759791105,-2.7639854751793753,0.4547840333738205,-0.4960551169026725,0.4730330052145138,0
0.3113692883838987,2.0028338686422447,-2.259829778579137,1.0624703819090724,0.12149051013989251,1
-2.04917438140066,-2.477329960407206,-1.2114006895082436,-1.931176762533681,-1.9264970738438674,1
4.76116687906711,-2.9351224835714285,2.626802954215915,-0.12591713418986158,-0.12329837466105875,0
-3.010744144979847,-0.4262853727609106,-0.5424790526186942,0.21507859836416623,-0.5760197026563361,1
12.087928129674982,-7.027364524877265,9.71836770617213,-5.013757902417536,3.663709842783479,0
3.253485950631903,2.5570074015540656,6.760433686035202,0.9853466111355245,-2.341057320192273,0
2.4880580824549483,2.5480359329918056,-0.25489305282702956,1.9006874107990137,2.1054582096878383,0
-0.4317082903435254,2.2355255946822856,0.4122413172822953,0.4775591806344567,-0.03089645452668323,1
4.894042757320972,-2.778032515035649,0.8007055664269014,-0.24838538210798602,0.40442501422939203,0
4.286527811236722,-4.666911328576454,-0.03903087132164151,3.8664679495708665,-0.17735704826245144,0
-2.3693573841141977,-0.7449690031869086,-1.372008586231853,-1.8947113862989344,-1.2745960564929497,1
-0.9717361304434984,0.41096595589359985,-1.4420294534672586,-2.054116934020677,-0.011826199972900272,1
-2.993365080119076,1.7759069431772665,-0.3592870789559701,-0.42853107211874014,1.4902792394465796,1
1.808098347544474,0.10048093507598581,-2.7543321108035395,0.612883255122629,0.39152149922107465,0
-2.4939107521436554,-1.4309748312292996,-0.2247016250639719,-0.3331048791943656,-0.6709908999256738,1
-3.9015213314518995,0.5127590473525094,-0.8589176991994577,-1.0937430168471733,0.7516582918950083,1
-0.39983536073951004,-0.6294295710505483,-1.2657098193967977,-1.2081117534152335,-1.864952657331481,1
3.270199176199226,-0.18111726414870144,-2.945821437847474,-0.7142881993698342,0.23040962766520875,0
-4.0357370303440625,-1.397767784232019,-0.28264306300802367,2.644863015710848,-0.7071814340655479,1
3.313373210750369,-3.9362692373249573,-0.14128253191093618,2.283072546999723,-0.9551371938562309,0
-4.058181701565351,1.120798126245724,0.1295265084935332,-0.955538992611285,0.5262569995039917,1
2.613474190302382,-3.9046235063478254,1.4557055347807735,-0.06271878489591,-1.3814332819831743,0
-0.7002928658934273,-1.1293935053063433,1.2325032661077682,4.041547769823054,-1.2256656864535622,1
3.3399725224002696,-2.209738194412682,-1.1960538262800622,4.639282412847173,-0.05850333477742828,0
-2.2371135309940198,-1.2191490889684238,-0.11176845102356506,-1.4916420414285592,-0.05406510493029454,1
-4.4771497641752696,-1.7595680645446272,-0.7007956997549492,-0.8850581674155727,-0.6494088825216279,1
1.2572344630647931,4.737440318220159,-0.9384290513162915,1.0725763277670055,-2.1149322635615513,1
3.7827718687590073,-1.0227106148687077,0.7491523978607167,0.8780214526826867,0.8059455546804867,0
-2.2974055049406865,2.0557490703902137,2.103427017150203,1.2220933704421126,2.9823425940351775,1
-3.2338476620951306,-1.1935376906525448,0.33530474961304824,0.9412350123859682,-0.8194926181146727,1
0.9921741219984458,2.3267624485141387,-1.6386834351249449,-1.096783912895435,-4.197920118854288,1
-2.599553775924038,0.6558712744283206,-0.7081544440432272,2.3491945722567746,1.8549358315559135,1
-2.5020092775287006,0.4375355581400834,-0.6114548316179451,-1.0318878875780089,0.40739162269273865,1
7.068254868316022,-2.0047224464766265,0.9549480717029418,-0.5805188226298159,-0.8533313599338467,0
-3.05331686477018,-0.6453254219667333,0.3115277355007035,-0.6033864242654496,0.7034366492950024,1
7.050150218604607,0.5291848500342832,-1.4544618904627808,-0.47581393783550213,-1.9805662822841308,0
1.31999104878669,-1.804915425369947,-1.618149356939454,-0.7026724116564514,-0.17624214076087724,0
3.7077480634854014,-2.8127672547141227,-1.7351770150435597,-0.8884951985239398,-0.07243919984545542,0
0.44948605290522975,0.3704087658649731,-1.085105207017139,-1.062480228651109,0.36621156421860523,0
6.3592001941686505,-1.7629012082934294,0.31199783025241073,1.9035585315177803,-0.6187944050973586,0
5.203267107499021,3.88265704606714,-1.1805200859699385,-1.537618578376956,0.6910082000252779,0
8.615872660002001,3.427574545198366,2.3509078097417433,0.5288512878181592,1.0934907408853067,0
3.396587922830648,-3.432783839851584,-1.7577788244012889,2.171817044301382,0.5528264120022326,0
-0.839442592262206,-3.506801311697822,0.2815457146925544,1.2895679360339405,0.13997363690923906,0
3.215304024611957,-0.9127842753376608,2.3939337481918863,0.23908480115447978,-0.28220958236874416,0
-1.9022125086952473,-3.14907058055956,-0.8826015131392235,1.0391686321348803,-0.9579660761581101,0
1.6159361023836678,-2.5238543239426874,-1.9633616617584269,0.3988287237628716,0.3504864950876676,0
6.5661326382361365,-5.9146838683353335,0.8770740606024227,3.066268944796124,1.6187284307060028,0
-1.4996215413961247,1.7009423554113943,0.9944731737232645,-0.30630658850892234,0.47883886401489867,1
-2.0358946786407395,-1.0811739860475726,1.3481073185513603,1.6488104141354767,-0.5691044830968489,1
-2.2934084993109676,-0.03028282356568604,-0.4990667655299752,-0.41528222501543854,0.7899131769964607,1
-0.8017216691742501,3.12178820198496,1.2661386252838456,0.47392424340151285,-0.7962317922580728,1
-4.503683242694913,-3.165889854508712,0.08572734425695586,-0.4901959633863936,-1.40267698766575,1
7.615595604887119,-2.9432826519022677,1.3729450504607001,-0.4254138669350185,-0.9556630107111626,0
-3.6691262010716117,1.556155915098877,0.5747489900411583,-0.7036623733878831,1.561080226384519,1
-1.3056489387334238,0.9107533874479602,2.8471660632219287,-1.1011177139143804,2.7808162800671776,1
-4.347623466848098,-0.33137450144367236,0.39053023946715293,-1.2374059421730206,1.4773163267410083,1
0.020530647726413675,-3.4743632873289796,0.43282033420511234,-0.4188798449064722,-0.37781819444793824,0
-3.497273788037639,-2.6290564436098327,0.10211689830687064,0.2593166149301764,-0.5039825061068541,1
-1.8749878182624455,-0.9133265725102111,-0.8068520983171589,-1.100909028814011,0.1896749210200288,1
4.943740396269954,-1.3826357879606141,-1.6100417130332783,1.6044166344878719,0.5257918743439556,0
-2.5224774441713946,-0.07990832193959053,1.7198200028391624,-1.6135063714985356,0.6785911993850146,1
3.792686505941302,-1.934771111778567,-1.7745691469386429,-0.3738476709881114,0.2605546089439925,0
2.64138620733134,0.5629601722974723,-2.0292056664161695,-0.2206272668437593,-1.2754451680736996,0
-1.4190709902145362,0.04593750956436677,1.6204962373924365,-0.5091862125601123,-2.851781579441163,1
-4.141535619587341,-1.3676281321385808,0.9342043509888422,-0.018737512465483518,0.6076837671115698,1
-0.7456454585442646,1.693970338611598,0.9471563682549193,1.0194453329445987,-2.0833548999490623,1
-4.316332732525422,-1.9675055159136485,-0.002082870204768305,-1.6601747005541116,-2.0215981490996384,1
0.29811190421635075,3.7640404847979845,4.264582750314557,-0.01989380100203353,-0.5744468709417514,1
-3.022734931563103,0.35059394288555795,1.1090061738324852,0.6309670068818839,1.3771342779234137,1
2.9602522944259095,4.310035104265117,5.576278985960143,-0.26809798450914507,-3.8997684907414523,1
-0.4209331316879358,-0.8325986175385497,-1.0833509467297027,0.09654254945380564,-0.30428626789234636,1
-1.4345422216640389,1.33532780602853,-0.9358205303290978,-1.130830669772749,0.2931525579827806,1
-2.8776440359239324,-0.3105467279046601,-0.4833154987099075,0.18897544446494685,0.5572450593211095,1
-3.3624142953124463,-0.8179089124463338,-0.6779515132953907,-1.7095192110473463,-0.09870232452794715,1
-4.7823669386203616,-0.5110973940841018,1.02875078096322,-1.8150584845265854,-0.9778441037767124,1
-2.791182913060214,-2.5353072149509073,-0.6878624887865282,0.20395760734387694,-1.7028520507850202,1
6.5328900334682,-1.4000646451630963,0.19000480460529015,-1.075306715493258,0.012035922487756015,0
-1.4985906531447108,0.6021609334522411,1.0933340141200525,-0.02503081147079491,-1.0371238204040572,1
7.09542134601496,0.14700457325215197,1.7024072622831286,0.07283792944995822,0.6548401448966026,0
-3.079028323793065,-0.16383738809176468,0.6712243099988598,-0.23330632616557423,-0.8745479207741538,1
-3.0919355516502938,-0.3141968630775191,1.1712334172075227,2.1739057200368457,0.6840454049393057,1
-3.8543243593412475,-1.5380644600566462,-0.9816170253742897,-0.9066775567004486,-0.5796097751871737,1
-5.410389487472975,0.563697152692955,0.5655695264571355,-0.6234714399315904,0.3623124061672664,1
-3.3582765355459525,-0.11059906505724953,-0.311918645440933,0.5420493881901556,1.1354526500824005,1
-3.3030415081503213,-3.1216132394025813,0.34446653455894327,-0.8208530768022275,-0.4123274404033082,1
-2.164551949964344,0.0012714427707204775,0.008512764810288072,-1.8067437762484158,-1.3382236003411154,1
-4.042844145065868,-0.25854552658694124,-1.210759100521668,-2.625861650171643,-0.40231052238778325,1
-3.770215411233134,4.366260846722017,3.423263261811627,0.21066651366241448,4.8333988055612505,1
-4.864628934267384,-2.338890199955679,0.06936317443293999,-0.7247591051154844,-0.8233508660514403,1
-4.754085936002533,-1.7831204255081703,0.3534575778277056,-1.6542040962747366,-0.574489054226351,1
1.8996451758279866,-2.4144373660021428,-1.598715974582998,-0.6862689327587673,-0.48442816455534293,0
1.4656322230636027,6.531603025485109,1.7453350350681334,0.11486690582920453,-0.9261853985606369,1
-4.042338242663214,-1.3225459093065957,3.2169588946848298,-0.06258067698698341,-0.04763630721035154,1
-1.3431783921683675,3.454342178165758,0.9098026124841977,-0.6842471965821938,-0.1567048654843525,1
1.821510863486386,-4.281664582497412,0.4337177717365078,-1.018492616011808,-0.32271956847879246,0
-1.813997658163996,0.36510648903462695,-1.1971619473756845,-1.2696216288572355,-0.027093653182788714,1
7.235276014820676,-0.09557913444791126,-3.1375760013046228,-0.10165428437185793,2.247462692671056,0
-2.8860269068343425,-0.4946662543824134,-0.4508874847140315,-0.800197957326271,0.8306794953904056,1
-3.1447975448606496,-1.7624905249058496,0.12374938147293257,-1.5539827347732516,-0.3615254969854213,1
-4.635994411403021,-1.822099954014496,0.2465660334160104,-0.1308603724241703,-0.8118009182285766,1
2.2395928987180853,-0.3818704779601449,-1.1759238961834722,0.30969062565222943,0.9829103720860525,0
2.0783191653851407,1.1144832988694806,1.5341960857528445,-0.15976113807408648,1.0176044091299075,0
1.7865549186176706,-0.291117244358971,-1.726344156391258,-1.0242718746228878,-1.2710923418881461,0
-0.5515793452599507,1.2173621232155534,-1.019691857666872,-0.43817103433501464,-0.628222910392156,1
-3.2055936883041083,1.0677242814567942,1.3539763948873584,0.4137687565924976,3.4937339073068863,1
-4.396079116003807,-0.7712935204885449,-0.32260267071586535,-0.700612865908857,0.3264619299836744,1
-3.8145499624988917,-0.9340553773629392,0.47226598392810876,0.9365999471276973,0.40473202517233015,1
3.271526449375749,-1.5229230537535305,1.2097438153536564,0.8174858827652982,0.9870453412052514,0
-3.0854297044714234,1.115794235088088,0.25029400062805673,0.5824029796154344,1.5073154102038633,1
-2.0901438837100974,1.7584253128027163,-1.249721926795703,-1.1884145322138937,0.34637597451575647,1
4.9600192443884925,-1.3068298700957013,0.6412693596469671,1.2911923763909245,1.0095481677624119,0
-2.4632814700302426,3.461711174961956,3.1752122561063745,-0.4521776895631348,1.181814045226779,1
-3.3764298338314545,-0.5928227565170554,-0.18499299869640248,0.5421665399249421,0.3387434187932136,1
-3.3350065450974062,0.42531178129007396,-0.902252692862507,-0.854454279211641,0.5144196050008605,1
-1.9490627061176833,1.4607200912329665,-0.22527326302980255,-1.9022988568709154,1.8652597826777304,1
-4.064092763113735,-1.3441703327771695,0.6235329838874462,-0.8995527262973092,-0.23027529842127437,1
6.136833775438562,5.075075940952944,0.011305757805517463,-0.8592962992774398,0.606709769386784,0
10.938972535901655,-3.622576615189961,-0.9876994619338558,-2.305119916115845,0.2713458049025251,0
-3.0744707338896022,0.2955426881935293,2.0073020169168605,-1.7004889968621901,-1.6689648457004311,1
-1.03067434903796,0.8323979283872555,2.305383867312087,-0.020005454931719038,-1.3973117011824994,1
0.31846538077220793,2.1028433411709684,0.5123779499316153,-0.111657288729359,0.18158600445981862,1
-3.1936402353585764,-1.8467826611524811,0.2204178725237461,-0.008785308324190458,-0.15327097628568231,1
-3.057367071557597,1.693588065210312,2.429997476751819,-1.324764131514368,-0.019451050385213026,1
-4.59745603191414,-2.726710728361903,1.145157772382624,-0.43141568471314445,-0.2235849331405521,1
-2.494003107354205,-1.1981098240941868,0.37283865481914225,1.2471501606220308,0.1885418799596944,1
-2.4062086121438715,-0.2777300242053972,-0.32687273267637906,0.27456107495759224,0.3758349429626207,1
-0.7745297990049367,-2.125656630414378,0.39075562786630197,-0.04940037760979793,0.13385053737237057,1
-3.1421071491282015,-1.5183054408978292,-1.0491769754211395,-0.5174403734215969,-0.8945140661621701,1
2.729160362933817,-3.921740735672015,0.07345041953214787,-0.20902206750608704,-0.32253835416068916,0
6.173215313378924,-1.3142893122967683,2.4556869402940444,1.296520700961199,0.661843375642817,0
-2.230118813522768,-0.4026544955201501,-1.1019540290733465,-0.23427705951598635,0.18459056934566878,1
5.249623824662175,-6.575021106306131,1.5450367449987217,-1.7378553834997883,0.9325842411549797,0
7.218072661485792,-3.5542568579098193,-0.16617179459710696,-1.1059627976919633,-0.44703578764697244,0
4.185479876981292,1.105595022040988,-1.86050069253957,0.9817136029907264,0.043859980572468774,0
3.6462259652514533,-1.9399537302573502,-0.7419402339179795,-1.3900359593813612,-1.027117764205286,0
3.5230961007967454,-3.847220369457194,-0.9201286609809868,-1.3500713892547875,-0.429223851333177,0
-2.614666899992897,-1.1324452397808138,-1.1482366182173829,-1.0190349866544732,-0.4714177343256402,1
-0.09471017332785159,-0.16312631542171713,-1.6272919031648303,-1.5593244350038398,-0.5072881266455713,1
1.9051529825752906,6.389679927677362,1.0240227381434646,0.3859890397199053,-4.395240381994533,1
-3.0693244152187518,-2.2269998507832875,-0.19136008343854696,3.0108227449524487,-0.4225003939698383,1
-1.6124960983454648,0.23995496594821614,-1.5538544225139908,-0.9867653220417415,-1.327364701582388,1
3.777907437432783,5.841385093440002,-5.32945723575907,1.1534208706619786,0.3746931220005092,0
-0.9387702437425045,2.2519860784248595,-1.739936625804767,-1.7221738088595222,1.347760366127089,1
-3.3020014446403168,0.1864538933322646,-0.5953404763842185,-0.7313001699231622,-0.2119197615324482,1
-1.5926915854653694,0.9795909161257997,1.2053661807277911,1.9277271923985133,-3.3613004907211566,1
-0.4283995787955625,2.1164937622512734,-1.0596922226148164,-0.322813730196233,-1.044451725041066,1
-2.303122036015139,-0.9475967036830785,-0.989240750462244,-1.5221773572485278,-1.6077183112110431,1
-0.5682185499741722,-1.3249237141530785,0.9581462213714906,1.5974126652235396,-0.09504934998634428,0
-3.438441849016332,-2.4271803262553084,0.2536077885769718,-0.8528875779822582,-1.62637235354228,1
-0.5839132613199197,3.6955695200921452,1.853758790191643,-0.8042474931693125,-3.6762708950771397,1
4.636382293947858,-0.13413217317509155,3.5070470443047137,1.2433435869555771,-0.0729002482192464,0
-3.6531469456880274,0.7618434311331566,-1.1280635970590291,-2.1985300273873047,0.326140677649298,1
-3.629752074982443,2.601150497868746,1.6030033088898223,-0.10904370186255016,2.4418401298799375,1
4.1144213738201,0.7625020155432316,-1.1133934494152493,0.10629962507735018,0.5430877747687562,0
7.6799257944309485,-0.874263601852488,-2.3088782358085194,-0.203682780783977,0.08105782063399244,0
-2.0156391467447166,0.40395935582777587,-0.1969420256324699,0.11502810376059316,1.5313611280252268,1
-2.9179211994862286,-1.6963466476756217,0.4062730198582709,0.3659841986925827,-0.2969372394385053,1
-0.5064004436908692,0.06857774719091274,-1.0447893455252037,0.3515077215500742,-0.10054108358777213,1
-1.9496791261528152,-0.602308531013324,1.534336588590948,-0.3467872900486613,-1.9652803609616674,1
-3.8031571252937675,-0.33897333059263246,-0.9319742703639742,-0.6807387325793053,-1.5908281562201478,1
6.297260922916479,1.9734448326122163,-3.3993957198507987,-0.07358636782993166,-0.3522376043243193,0
-3.4343727577409826,-1.0009459218997179,-0.6188439756142018,-1.4393841098898472,-0.26353667755918003,1
-2.0318471149612747,-0.2881753630999356,0.6287445554557137,0.3009080938854367,-1.1183302995426538,1
-2.4718121994075255,-0.37163170830572523,-1.4241155685165705,-0.5480039475613078,-0.09109097912027696,1
-3.6604283988213737,-1.2025858598318258,1.4456146001886636,-1.658657370584943,0.165675088940024,1
-1.1367552871828035,-1.977141408381561,-1.0890368320505774,-1.5377150651069247,-0.5503530966201639,1
-1.415882552636025,0.4008028586028771,2.4240715645147777,1.2259160555256794,-1.7536242748611999,1
2.7602384663037736,-1.1010474224930136,-1.2262086888243147,-0.34595683726052023,0.08392019403499436,0
-1.988053457118424,-0.19080120497708467,0.32876205613726495,0.717462864671608,0.9150803314184661,1
-2.9317752085469793,0.34096261532402455,-0.912751599607309,0.0745794280392246,0.9919540775853822,1
-4.0260986715663485,0.9338170718844647,0.2225775587114975,1.5603250295761526,-1.641378863068161,1
0.13803872709936138,-0.45778557180855617,-0.5141021920848551,1.481729712215804,-0.8464684918298414,1
-1.942303849588689,0.8456888675100738,-0.0875424279204619,0.5812846588126632,1.2784758304579984,1
-2.652318946750773,2.484954386593954,2.0720537626691438,1.8975300876501877,3.2736125759767023,1
5.8945498886358045,0.03960077409712637,1.369413669310554,-0.7757241467471526,1.042663572089804,0
-2.9368724940855566,-0.02489252795356891,-0.8312626889989271,-1.8652329187699486,-0.6693931605067056,1
-3.3480714567571854,-0.046464763372922706,0.4147674679103011,1.126929111261984,1.613063586703417,1
-2.051648183168677,0.7537824730880491,0.03350890934157031,0.6371211516014945,0.05287602756396379,1
1.9413094016260355,2.366427107364373,1.0355241555130348,-1.7339336812999115,-0.15404616066516144,1
-1.6807225340782033,0.836939032684943,-1.0278118865713315,-1.3242131372139396,0.24677101464114323,1
-0.3874299416824476,0.09245156007599895,-0.9792678998356036,0.1884319290365031,-1.4878811125422178,1
-1.9029928075596536,2.5611949195580137,1.6502386656044945,-0.5042852960823302,3.464828557096946,1
-4.719571939231594,-0.44599888305569235,0.057027698492371486,1.3617500397836584,0.10553508616631953,1
-4.66844067147231,-0.7851212534190137,0.3115345348183419,-0.5446135354884736,-0.5335349592793873,1
-3.9447180515828486,-2.0109114389170895,0.8300205506612022,-0.5393645816936402,-0.34388367826542576,1
4.9259709162294625,2.971406275839836,-1.9486284696278566,0.8561845967496357,-2.893293642469246,0
4.546038944476167,-0.8521051550534819,-0.6115757348231857,-0.8003575478348691,0.06365132520861194,0
4.398086355876096,-0.9460384601261594,1.2526584199526456,0.6913184472465149,0.4066550039513466,0
-2.1971421353508984,-1.8153304588279455,-0.2994984907533869,-0.9682024651891672,-0.5866282101831255,1
0.6716182372598174,0.366994531545151,-2.742526467532092,0.7611075776903787,-0.05667024573849773,0
-2.2573781069584267,-0.4734904756941842,-0.49054236027051545,-0.23299835512522096,0.7484037106310208,1
-2.6202227901815047,-1.8183942728892548,0.8100272352721708,0.8085754517472007,0.354212505228698,1
-3.219669349352269,-2.2217929767605495,0.046947747456795495,-1.1437026544339908,-1.2762257715449217,1
-0.3488749050478133,2.1605841269927915,-0.07132384338977503,0.6060829585489167,-2.0102302508654493,1
2.4529590573186093,-1.5109978819699739,0.5224088061440681,2.4469809913179197,-1.304080429969063,0
-3.4634249732042424,-2.1120686451803055,0.39704513898388333,-1.5308826548108347,-0.988158948373642,1
-3.935488357817905,0.7405168759969817,2.040371600968031,0.7190832345140029,0.9748264992266101,1
-1.2863772730803773,1.0290554808134365,0.13969912635341641,1.3942829283587377,0.4422949525318582,1
3.2505687897968993,-1.8314276478473794,-1.8350373047393052,2.6212199149608093,-0.5776681683353343,0
-1.5558003178069648,-1.0865552245970989,-1.269077544603941,-0.7110040526708646,0.29584436387010576,1
4.330066092907297,-4.013699815817039,-0.11783435397467587,0.4098886744962596,-0.6189668501548653,0
-1.1398173287434612,1.806408631018718,1.7250193332964316,1.7798600409188328,-3.5809246159920534,1
2.5099498895026042,-2.5521548643964533,0.768536584064108,0.9976602150323461,0.5110051704624516,0
-2.241648612265451,-0.019504502066655598,0.5676959777108544,3.516271077924936,-0.3470171899325805,1
-2.8408487464108503,-1.059735547021868,-1.397541362507058,-0.5474869736974511,-0.1845819743424826,1
-1.869063803126835,-1.5887532986049766,0.799318644315283,4.107677865587708,0.35953662313757107,1
-1.3496328432273077,0.7336603262850642,1.027504264223135,3.889300064455003,1.415169604566134,1
-2.8080000312214057,-1.712428713214915,-0.14713738508011504,2.2952071660406763,0.27724549969242007,1
-3.180031864146416,-2.1012363565029624,0.1523043274495505,1.9262593323120838,0.26147407170331827,1
-4.105083024504438,-0.5164434614806479,0.6153290805576584,3.49328479105659,0.13798896982772021,1
3.4164938963066493,-1.6460158481886429,0.6510861342716753,1.3284929790423543,1.3179879852883993,0
16.10811078244315,-7.35620345088031,5.90401007799545,-2.016546883783708,1.511086097247896,0
-2.570832968175719,-2.517803624157725,0.2886867239446409,2.178388779787087,-0.936632505930859,1
-2.9787711472179024,-0.1212319751299791,-0.7702181307276534,0.013592552454383244,-0.25620594841031535,1
-2.7580433739390933,-1.8152396179551293,-0.5971032349665217,-0.012649959063057487,-1.2985740242167934,1
1.3215544454165429,2.082073691872739,-0.9433477637250876,0.8302650202887157,-3.8329104299836225,1
-3.859263719408326,0.8750420413555271,0.5749360101899937,0.16487695615720613,1.31308046795282,1
5.836168486020627,1.3114673655215627,1.5316557361355347,0.7509713395642384,-2.853310042348173,0
0.6040237743086132,3.388325317881897,0.306783634982188,-0.08954230842994103,1.265335463554254,1
-2.0877392506699013,-0.8511915356966075,2.7076140127579396,2.975133470441436,1.1862839848941886,1
-1.3995308754081992,-1.7725486160874129,-1.3024658413465806,-1.3731895050096872,-1.9029187536053245,1
-2.002782131615258,1.8612018199400886,-2.033690080859035,-0.9351815992837947,-1.337805042905184,1
-2.0013180878360126,-0.253642382648935,-1.569278638120824,-1.0964377527472793,-0.9701109342851792,1
-0.5337415141658967,-0.9711055978848246,-0.2779946154511686,0.6220011484564998,-1.4127432881829958,1
-3.1733500126835166,-2.094329831973671,-0.7883575098521081,-0.481422312974849,-1.4923409080007406,1
3.7864633369816665,2.2725929615519256,-0.18113175155017316,-0.5499766178732985,-1.264522359745671,0
-2.9854136207942554,-0.689225172865802,-0.5214728179416167,0.5903502785659732,-0.4527064383256232,1
-0.042728003402275824,-0.26460812499500197,-2.148438587120327,-2.757294360142677,-0.9099327838735926,1
2.208426703848587,4.395592934772194,1.4954537262900802,-0.8211456727788127,-2.533130593815839,1
-2.272652622360996,-2.478699923962931,-0.6412203757531356,0.006748621788352605,-1.0834842622948924,1
4.75374504649664,-1.4938800263548302,-1.3249174025666273,0.08169561075914691,0.043640413323912434,0
-1.7469338399228478,0.9760820732936367,-0.19521144501498572,-1.057600643978497,1.4093186567801559,1
-0.7351059509711085,-2.5111142106473068,-1.9301218873763715,0.31301582168700454,-0.3817308887992593,0
-2.9026338165716075,-1.0241204262481483,-0.7867534735683321,1.712693121835699,0.02177946082115859,1
-1.6520301919354115,-4.480754195772287,1.042390327942927,-1.6884103866208926,-1.407282851217162,1
3.0596901880981786,-1.1934698718295345,1.1220690398944573,-0.552982785769923,1.0883060485344405,0
-4.083931526862681,-0.522963953488996,2.205788832820083,-1.4538529780750404,-0.17928359564556198,1
-2.8086811843025172,-1.0779871010418696,0.8462457458285159,1.0919849356827518,0.023012411203265783,1
-0.2311563712424587,1.4624917240256654,-2.2898160264884004,-0.5433732638919562,-0.35782702790932086,1
-2.548134040975404,-0.804702567605004,-1.5248400429985152,-0.10838112299978502,-0.5543453203288586,1
3.6684915769460535,-1.0040257469436773,0.4507400785860142,-1.2962302440761468,-0.4391372199510649,0
5.086994076474138,-2.005439449541101,-0.7355466123668283,0.21769706198645944,-0.4222298448911265,0
2.7515733677476777,3.3216622708413084,-1.1399011631921416,1.4551041472753126,1.5490465479999898,0
-1.41593268501578,1.453077443900164,-0.5047448756242563,-1.1344226641363435,1.7870016121528811,1
7.197783302072785,-5.341028722598533,1.8970563311938984,-1.7611881701319194,-0.5249409494070598,0
1.0226537476499333,8.213313150060896,-0.07255467851889624,-1.8005264634990636,1.3421017962396802,1
-1.2735121490234298,1.5337996467697048,-1.4150036215170207,-0.08387740499101033,-0.05178371706877043,1
-1.2917864081140618,4.0435546079382245,-0.6559481149674619,-0.967066912107028,1.0789310589074435,1
-1.1687438308711673,-1.6945151688402713,-0.5982950539432674,-1.7345995820654982,-0.7756312197623351,1
-1.9263195484712992,1.661370253912127,0.13164624485193568,-1.175483248990605,-2.577104394749655,1
-1.1436217749846564,-1.3971365706388936,-0.4613383097149596,-2.046112238638553,-0.5885392732207966,1
-2.342795781118083,0.7451694469520603,-0.44285524853185365,-0.45009458395213536,1.4096618584022271,1
3.376710210355671,-2.3263629024623746,-1.1523482751215164,-0.4835618528592269,-0.616389885748921,0
-0.21397995660277144,1.0818206638364192,-0.7649837738827222,-0.5565844499331977,0.8033167917577783,1
-1.1983580621175842,0.983094926026838,-0.8210509523885237,-1.0879019600108826,1.353182179227093,1
-1.3189277249500662,4.897063523447733,-0.07944608022092918,-2.2358376065347145,3.7668275007291676,1
-4.440730307959557,-0.8092806718433164,-0.37596032272699437,0.6630607165121312,-0.1021891055891328,1
-0.639793735179694,0.6141843838558639,-0.5593267645771022,0.061591690458921475,0.09214766382456371,1
-3.2644486799705312,1.2718784455377445,-0.26242730279945276,-0.3047361796174586,0.07791334801293931,1
-3.3723029976100345,2.613653779248889,-1.854751807472313,-1.4401274132842672,0.25042205985884225,1
-0.8504366192412297,0.016142569092915834,-2.831748879375393,-0.21504936696775595,0.5214294384024123,1
-3.148458647514059,-0.9136030242246286,-2.052642374288809,-1.5741021510060966,-0.5312074583488127,1
0.28100135793413256,1.6159518541151985,2.6885804665272324,-1.8085407569634246,0.7618638083168018,1
-1.5528789497315127,0.4271346714186194,0.5220976005017226,0.39290788094741236,0.8527442226779093,1
-1.7782123465281165,0.7286156963100074,-2.095020448718808,0.6697884494520077,0.5483466979757594,1
-2.679142951924968,-1.5131946573302297,-1.5887808578991116,-1.0850324345403835,-0.3957981308378185,1
3.9959588494006635,-2.858752765084957,1.583865153593029,-0.21181209092868075,0.5333769798382456,0
-2.1582702250135006,1.4842781451651998,0.12188716153801675,0.5868954169457192,-0.575704259733951,1
5.15048674227732,-2.3374582673674276,-0.4484688474633912,-0.8340943405371124,0.12417032688772904,0
0.5230096232373541,0.33651625250055034,-0.5359606628819343,1.9647788416865002,-0.11995425954357529,0
0.31532318925426706,3.468548909746244,-0.26187940719121366,1.7387391413323796,2.019812843653366,1
-1.2272824279728691,5.515286223968204,0.939655247134344,2.3985487719631116,-0.6282126686501134,1
0.9891051847821661,1.0347565345651246,-0.7737445414232518,1.8596633987732347,-1.0535017211217017,1
-2.378465927559241,-1.7063851233506084,0.4101733117525091,3.1177405832448315,0.15160958395290472,1
-1.6840242774405116,-0.2256738870920946,-0.11849764581020854,0.2672540373684865,-0.548045048885578,1
-4.255744188521027,0.15649190571481278,-0.3082403842777655,-0.6459923421129382,0.6777908250289565,1
-3.8740846483577345,0.48804254592683366,0.8791004150999548,0.5694608505223128,-0.025466301909493123,1
-4.699618944903677,-0.7586841729576411,1.5306578004549718,0.7261752441916532,0.7869111011828073,1
-2.065218328199492,1.2406062677011611,0.3864538753762507,1.1409604020286943,0.17639856320872066,1
-2.905174504212636,-1.4977717099460175,0.7656937896163919,3.105434421301884,0.4556996424755866,1
-3.544218174884898,1.8036889903655209,2.5730023912753586,0.9315931827139986,0.7643138190775182,1
-2.171231601106809,-0.8815077663509768,0.543630554674618,3.147514950521441,-0.450925284928275,1
-2.096416700765275,1.5768864931102966,1.6523818471011644,3.3207017920994955,0.010886172133004517,1
-3.8785809189792633,1.0889336535109977,1.736735322393115,0.43863415577685655,1.772787358901434,1
-4.085056541161229,0.15732584264060315,3.0178256478911747,3.472245612979717,2.3817638302509927,1
-0.5074569464523861,-0.19068038995291448,0.9478097254752569,2.2118905752930953,-0.22403397024673571,1
-4.86312039912988,-2.0715411610158485,3.411840551551063,5.173016331366004,0.7995041783263402,1
5.910933048015842,3.3719432132216145,-3.626832901691039,4.0753561628865205,-1.78681720327269,0
6.366989512231144,-3.4535667181317873,2.389523107770887,-0.9232106861335531,0.08310873028741975,0
1.2252233916732351,-1.9035065155996609,0.5817044551702457,2.2986175128274615,-1.7308973659835054,0
